{"timestamps": [1539937220.307194, 1539937242.875207, 1539937255.926124, 1539937266.156079, 1539937292.394019, 1539937297.443466, 1539937305.228612, 1539937311.296181, 1539937327.459778, 1539937332.305056, 1539937338.163458, 1539937341.43464, 1539937350.077053, 1539937359.867126, 1539937379.883453, 1539937402.290412, 1539937418.029034, 1539937421.988003, 1539937429.852659, 1539937440.109445, 1539937447.577242, 1539937451.471976, 1539937455.970855, 1539937464.460615, 1539937477.124787, 1539937491.323505, 1539937499.962285, 1539937531.123305, 1539937557.419643, 1539937567.850556, 1539937624.006127, 1539937670.277413, 1539937678.825753, 1539937705.618512, 1539937710.706629, 1539937741.855849, 1539937762.152022, 1539937776.175647, 1539937797.801095, 1539937815.481233, 1539937831.086267, 1539937834.989152, 1539937840.089508, 1539937861.829995, 1539937897.012758, 1539937908.765605, 1539937920.088674, 1539937930.980871, 1539937961.459635, 1539937969.293823, 1539938000.864541, 1539938022.118859, 1539938036.060608, 1539938052.685139, 1539938062.383247, 1539938082.045923, 1539938094.946158, 1539938111.081659, 1539938135.008057, 1539938140.539236, 1539938160.516418, 1539938176.817168, 1539938185.676937, 1539938199.752247, 1539938222.926323, 1539938233.69826, 1539938247.923769, 1539938318.921934, 1539938331.298748, 1539938349.220938, 1539938401.381605, 1539938405.705176, 1539938462.432547, 1539938472.901446, 1539938521.943439, 1539938562.731016, 1539938613.610705, 1539938696.559174, 1539938710.053299, 1539938719.928202, 1539938738.421782, 1539938787.092141, 1539938806.526047, 1539938811.048674, 1539938816.176099, 1539938860.286412, 1539938890.750734, 1539938927.797108, 1539938933.480301, 1539938948.009114, 1539938952.583756, 1539939003.821261, 1539939009.048954, 1539939022.630816, 1539939027.296696, 1539939042.632418, 1539939056.933138, 1539939153.949106, 1539939175.792822, 1539939190.075634, 1539939194.431888, 1539939215.164569], "initial_reset_timestamp": 1539937201.44225, "episode_types": ["t", "t", "t", "t", "t", "t", "t", "t", "t", "t", "t", "t", "t", "t", "t", "t", "t", "t", "t", "t", "t", "t", "t", "t", "t", "t", "t", "t", "t", "t", "t", "t", "t", "t", "t", "t", "t", "t", "t", "t", "t", "t", "t", "t", "t", "t", "t", "t", "t", "t", "t", "t", "t", "t", "t", "t", "t", "t", "t", "t", "t", "t", "t", "t", "t", "t", "t", "t", "t", "t", "t", "t", "t", "t", "t", "t", "t", "t", "t", "t", "t", "t", "t", "t", "t", "t", "t", "t", "t", "t", "t", "t", "t", "t", "t", "t", "t", "t", "t", "t", "t", "t", "t"], "episode_lengths": [80, 96, 54, 41, 112, 18, 30, 22, 67, 17, 21, 10, 33, 39, 85, 95, 66, 13, 30, 41, 28, 13, 15, 33, 52, 58, 34, 135, 111, 42, 243, 202, 34, 115, 18, 133, 85, 57, 92, 74, 64, 13, 18, 92, 153, 48, 45, 44, 131, 30, 135, 90, 56, 69, 39, 82, 52, 67, 102, 20, 84, 68, 35, 57, 97, 43, 58, 309, 50, 74, 225, 15, 247, 42, 213, 177, 220, 365, 54, 39, 77, 213, 82, 15, 18, 191, 133, 161, 21, 60, 16, 219, 19, 56, 16, 63, 59, 426, 92, 58, 15, 86], "episode_rewards": [-174.0, -163.0, -219.0, -157.0, -145.0, -176.0, -144.0, -169.0, -158.0, -167.0, -173.0, -175.0, -172.0, -185.0, -196.0, -209.0, -167.0, -171.0, -175.0, -226.0, -146.0, -156.0, -164.0, -173.0, -157.0, -257.0, -185.0, -254.0, -164.0, -177.0, -279.0, -250.0, -171.0, -291.0, -178.0, -167.0, -165.0, -158.0, -205.0, -266.0, -208.0, -160.0, -182.0, -232.0, -223.0, -144.0, -199.0, -143.0, -188.0, -192.0, -203.0, -214.0, -225.0, -168.0, -143.0, -196.0, -226.0, -158.0, -241.0, -186.0, -177.0, -232.0, -182.0, -191.0, -197.0, -202.0, -228.0, -331.0, -170.0, -169.0, -214.0, -164.0, -160.0, -216.0, -252.0, -201.0, -282.0, -129.0, -177.0, -160.0, -170.0, -181.0, -197.0, -184.0, -177.0, -173.0, -151.0, -184.0, -160.0, -201.0, -159.0, -103.0, -164.0, -167.0, -153.0, -225.0, -197.0, -262.0, -222.0, -143.0, -158.0, -247.0]}